{
  "best_model": "random_forest",
  "split": {
    "train_rows": 101,
    "validation_rows": 13,
    "test_rows": 13,
    "ratio": "8:1:1"
  },
  "selected_features": [
    "保温温度1",
    "烧结温度6",
    "烧结时间6",
    "加压压力2",
    "加压温度2",
    "金刚石粒径",
    "保温温度1_是否缺失",
    "保温时间1_是否缺失",
    "烧结温度6_是否缺失",
    "加压压力2_是否缺失",
    "加压温度2_是否缺失"
  ],
  "candidate_results": {
    "extra_trees": {
      "validation": {
        "overall": {
          "mae": 61.885458894230844,
          "rmse": 102.2128980236337,
          "r2": 0.2509611897124501
        },
        "by_target": {
          "致密度": {
            "mae": 4.014575961538909,
            "rmse": 6.424911064265164,
            "r2": -0.024323689043453056
          },
          "热导率": {
            "mae": 119.75634182692278,
            "rmse": 144.40801072861495,
            "r2": 0.5262460684683532
          }
        }
      }
    },
    "random_forest": {
      "validation": {
        "overall": {
          "mae": 64.5318270360448,
          "rmse": 108.95004381715812,
          "r2": 0.46702613414455485
        },
        "by_target": {
          "致密度": {
            "mae": 3.076552504090541,
            "rmse": 4.608874609708821,
            "r2": 0.47290030943423933
          },
          "热导率": {
            "mae": 125.98710156799909,
            "rmse": 154.00968271622835,
            "r2": 0.46115195885487037
          }
        }
      }
    },
    "ridge": {
      "validation": {
        "overall": {
          "mae": 61.64016523497214,
          "rmse": 107.37469969732432,
          "r2": 0.25194396026538973
        },
        "by_target": {
          "致密度": {
            "mae": 4.880999155481239,
            "rmse": 6.262385899633245,
            "r2": 0.02684363392570077
          },
          "热导率": {
            "mae": 118.39933131446304,
            "rmse": 151.72156996625506,
            "r2": 0.4770442866050786
          }
        }
      }
    }
  },
  "test": {
    "overall": {
      "mae": 45.88629730628349,
      "rmse": 75.55275678244556,
      "r2": 0.43284756861374507
    },
    "by_target": {
      "致密度": {
        "mae": 2.8437894718236296,
        "rmse": 3.3891283987069167,
        "r2": 0.3055836485387524
      },
      "热导率": {
        "mae": 88.92880514074335,
        "rmse": 106.7939695092931,
        "r2": 0.5601114886887376
      }
    }
  }
}